fonte_id;nome;tipo;provedor;variaveis;resolucao_espacial;resolucao_temporal;cobertura_temporal;latencia;cobertura_brasil;licenca;custo;acesso_api;biblioteca_python;url_doc;limitacoes;compat_invicta;notes
FD-01;Sentinel-2 L2A;imagem otica;ESA Copernicus (via STAC Element84/AWS, Copernicus Data Space, Planetary Computer);13 bandas espectrais (visivel, red-edge, NIR, SWIR), refletancia de superficie;10 m (4 bandas), 20 m (6 bandas), 60 m (3 bandas);revisita ~5 dias (2 satelites);2015-presente;horas a poucos dias apos aquisicao (processamento L2A por ESA/Sen2Cor);sim, cobertura global completa;Copernicus open data (gratuito, uso comercial permitido);gratuito;sim, STAC API (Element84 Earth Search, Copernicus Data Space, Planetary Computer);pystac-client (ja pinada), planetary-computer, sentinelhub;https://documentation.dataspace.copernicus.eu/;20-60 m nas bandas nao-visiveis limita uso direto em indices como NDRE/SWIR no grid alvo de 20 m, nuvens exigem robo de aceite ja existente;reusa - ja e a base de msr.py e indices.py da plataforma;fonte primaria ja em producao na Invicta, multiplos provedores STAC equivalentes para redundancia
FD-02;Sentinel-2 via Copernicus Data Space Ecosystem;imagem otica (catalogo/API);ESA/Copernicus Data Space Ecosystem;mesmas bandas do Sentinel-2 L2A, mais Sentinel-1, Sentinel-3, DEM;10-60 m (S2), varia por colecao;~5 dias;1999-presente (varia por missao);baixa (poucas horas para S2 L2A);sim;gratuito (licenca Copernicus);gratuito;sim, STAC v1.1.0 (stac.dataspace.copernicus.eu) e openEO;pystac-client, openeo;https://documentation.dataspace.copernicus.eu/APIs/STAC.html;requer cadastro e token OAuth2, throughput por usuario limitado;reusa - alternativa/redundancia ao AWS Earth Search ja usado;bom fallback caso Element84/AWS tenha instabilidade
FD-03;Sentinel-2 via Microsoft Planetary Computer;imagem otica (catalogo/API);Microsoft Planetary Computer;refletancia de superficie L2A, cloud-optimized GeoTIFF;10-60 m;~5 dias;2016-presente;baixa (poucas horas);sim;Creative Commons/Copernicus (gratuito);gratuito (compute pago se usar o Hub);sim, STAC API + biblioteca planetary-computer;pystac-client, planetary-computer, odc-stac;https://planetarycomputer.microsoft.com/dataset/sentinel-2-l2a;requer assinatura de token para acesso a alguns assets (SAS token com expiracao curta);reusa - terceira opcao de STAC para o robo noturno;processamento em COG facilita leitura parcial por talhao (menor banda)
FD-04;HLS (Harmonized Landsat Sentinel-2);imagem otica harmonizada;NASA (LP DAAC / Earthdata);refletancia de superficie harmonizada Landsat 8/9 + Sentinel-2;30 m;revisita combinada 2-3 dias (ate 1,4 dia com 5 satelites em 2025);Landsat 8 desde 2013, Sentinel-2 desde 2015, presente;nao definida com precisao na documentacao consultada (produto de baixa latencia HLS-LL previsto para 2027);sim, cobertura global exceto Antartida;dados publicos NASA/Copernicus (gratuito);gratuito;sim, via NASA Earthdata/LP DAAC, tambem no STAC da Microsoft Planetary Computer;pystac-client, earthaccess;https://hls.gsfc.nasa.gov/;30 m e mais grosseiro que os 10 m do Sentinel-2 puro, e a harmonizacao radiometrica introduz incerteza adicional entre sensores;novo_barato - mesma familia STAC ja usada (msr.py), so adicionar colecao HLS;util para preencher gaps de nuvem combinando Landsat+S2 na mesma grade
FD-05;Landsat 8/9 Collection 2;imagem otica;USGS;11 bandas incluindo termal;30 m (multiespectral), 15 m (pancromatica), 100 m (termal);revisita 16 dias (8 dias combinando 8+9);1982-presente (serie Landsat completa), 8/9 desde 2013/2021;horas a poucos dias;sim;dominio publico USGS (gratuito, uso irrestrito);gratuito;sim, via USGS M2M API, AWS Open Data, STAC (Planetary Computer, Element84);pystac-client, landsatxplore;https://www.usgs.gov/landsat-missions;30 m e mais grosseiro que Sentinel-2 e revisita mais lenta (16 dias), pouco util isoladamente para grid 20 m intra-talhao;novo_barato - mesma infra STAC, complementa serie temporal de longo prazo (pre-2015);principal valor e a serie historica longa, nao a resolucao
FD-06;Sentinel-1 GRD/RTC;imagem radar (SAR);ESA Copernicus (via Planetary Computer, Copernicus Data Space, ASF);retroespalhamento VV/VH (GRD) ou corrigido para terreno (RTC);~10 m (GRD terreno, IW mode);revisita nominal ~6-12 dias (variavel por orbita/regiao apos perda do Sentinel-1B);2014-presente;horas a poucos dias;sim;gratuito (Copernicus);gratuito;sim, STAC (Sentinel-1-grd, Sentinel-1-rtc no Planetary Computer), ASF Vertex;pystac-client, asf_search;https://planetarycomputer.microsoft.com/dataset/sentinel-1-grd;dados RTC no Planetary Computer podem exigir autenticacao adicional, SAR tem interpretacao mais complexa que optico para agronomos, exige processamento de speckle;novo_barato - biblioteca ja pinada (rasterio) cobre leitura, falta so o pipeline de indices SAR (RVI etc.);unico sensor que atravessa nuvens, relevante para safra de soja em periodo chuvoso
FD-07;CBERS-4A (INPE/Brazil Data Cube);imagem otica;INPE (STAC data.inpe.br e Brazil Data Cube);WFI (4 bandas, 55 m), MUX (4 bandas, 16,5 m), WPM (pancromatica 2 m + multiespectral 8 m);55 m (WFI), 16,5 m (MUX), 2-8 m (WPM);31 dias (WFI), 5 dias (MUX);2019-presente;dias (processamento nacional, sem SLA formal divulgado);sim, satelite sino-brasileiro com prioridade de cobertura no Brasil;distribuicao livre pelo INPE (gratuito);gratuito;sim, STAC (data.inpe.br/stac, Brazil Data Cube) e WTSS para cubos;pystac-client, wtss (INPE);https://data.inpe.br/stac/browser/;WFI grosseiro (55 m) para grid 20 m, MUX (16,5 m) e mais compativel mas com revisita de 5 dias, WPM tem melhor resolucao mas cobertura/frequencia menor;reusa - ja integrado via cbers.py na plataforma;fonte soberana nacional, reduz dependencia de dados estrangeiros
FD-08;PlanetScope (+ NICFI);imagem otica comercial;Planet Labs;8 bandas (SuperDove), refletancia de superficie;3 m;quase diario (constelacao Dove/SuperDove);2016-presente (arquivo comercial);horas;sim, cobertura global incluindo Brasil, NICFI cobre especificamente florestas tropicais (nao e o foco de talhoes de soja);licenca comercial (PlanetScope) / NICFI gratuito apenas para monitoramento de floresta tropical, uso nao comercial;pago - ordem minima de 250 km2, precos historicos na faixa de US$1,80/km2 (2023), modelo por hectare monitorado tambem disponivel;sim, API REST + Sentinel Hub;planet (SDK oficial), sentinelhub;https://docs.planet.com/data/public-data/copernicus/sentinel-2/ e https://www.planet.com/pricing/;custo recorrente nao trivial em escala (por talhao monitorado), NICFI nao cobre uso comercial em lavoura de soja fora do escopo de floresta tropical;infra_nova - exige orcamento comercial recorrente, sem beneficio de licenca gratuita para este caso de uso;resolucao de 3 m e a mais fina entre as opticas revisadas, mas custo e licenca inviabilizam uso amplo no MVP
FD-09;MODIS (Terra/Aqua);imagem otica;NASA (LP DAAC);indices de vegetacao (NDVI/EVI), reflectancia, LST;250 m (MOD13Q1 NDVI/EVI), 500 m (MCD43A4 diario);16 dias (MOD13Q1/MYD13Q1), diario (MCD43A4);2000-presente (Terra), 2002-presente (Aqua);~1 dia (near real-time) a poucos dias (produto padrao);sim, cobertura global;dominio publico NASA (gratuito);gratuito;sim, via NASA Earthdata, Google Earth Engine, AppEEARS;earthaccess, pymodis;https://www.earthdata.nasa.gov/data/instruments/modis/near-real-time-data;250-500 m e muito mais grosseiro que o talhao tipico e que o grid alvo de 20 m, util apenas para contexto regional/fenologia de safra, nao para mapa intra-talhao;reusa parcial - util so como serie de contexto regional, nao para o grid de 20 m;valor esta na serie temporal longa (desde 2000) para calibrar fenologia historica, nao na resolucao espacial
FD-10;VIIRS;imagem otica;NOAA/NASA;indices de vegetacao, similar ao MODIS, sucessor de longo prazo;375-500 m;diario a 16 dias (dependendo do produto);2012-presente (sucessor do MODIS para continuidade da serie);similar ao MODIS, poucos dias;sim;dominio publico (gratuito);gratuito;sim, via NASA Earthdata;earthaccess;https://www.earthdata.nasa.gov/sensors/viirs;mesma limitacao de resolucao grosseira do MODIS, relevante apenas como continuidade da serie apos descontinuacao gradual do MODIS;reusa parcial - mesmo papel do MODIS, garantir continuidade futura da serie de NDVI regional;nenhum uso direto no grid de 20 m, mas importante para nao perder serie historica quando MODIS for descontinuado
FD-11;ERA5 (reanalise);clima (reanalise);ECMWF/Copernicus Climate Data Store (CDS);temperatura, vento, pressao, precipitacao, radiacao e dezenas de outras variaveis atmosfericas;grade regular de 0,25 grau (~28 km);horaria;1940-presente;~5 dias de atraso (atualizacao diaria);sim, cobertura global;Copernicus open licence (gratuito, uso comercial permitido com atribuicao);gratuito;sim, CDS API;cdsapi;https://cds.climate.copernicus.eu/datasets/reanalysis-era5-single-levels;28 km e extremamente grosseiro frente ao talhao (muito menor que 1 talhao tipico), serve so como contexto sinotico/regional, nunca para diferenciacao intra-talhao;infra_nova - exige adicionar ingestao de clima (nao existe hoje na plataforma) mas e CPU-only e leve (so requer requests/cdsapi);base para AgERA5 e para muitos produtos derivados citados abaixo
FD-12;ERA5-Land;clima (reanalise regionalizada);ECMWF/Copernicus CDS;temperatura do solo/ar, precipitacao, umidade, evapotranspiracao, radiacao;grade de 0,1 grau (~9 km);horaria;1950-presente;similar ao ERA5, poucos dias de atraso;sim;Copernicus open licence (gratuito);gratuito;sim, CDS API;cdsapi;https://cds.climate.copernicus.eu/datasets/reanalysis-era5-land;9 km ainda e muito maior que um talhao (tipicamente dezenas a poucas centenas de hectares), mas e mais acionavel que ERA5 puro para diferenciar regioes dentro de uma fazenda grande;infra_nova - mesmo esforco do ERA5 (cdsapi), CPU-only;melhor opcao de reanalise gratuita para clima diario/horario com resolucao um pouco mais fina
FD-13;AgERA5;clima (indicadores agrometeorologicos derivados);Copernicus CDS / JRC;22 variaveis agrometeorologicas diarias (temperatura, precipitacao, ETo, radiacao, deficit de pressao de vapor etc.), derivadas do ERA5 e corrigidas para topografia fina;0,1 grau (~10 km), corrigido por regressao para topografia;diaria;1979-presente;poucos dias (segue cronograma do ERA5 subjacente);sim;Copernicus open licence (gratuito);gratuito;sim, CDS API;cdsapi, agera5tools;https://cds.climate.copernicus.eu/datasets/sis-agrometeorological-indicators;desenhado especificamente para uso agricola (unidade certa, variaveis prontas tipo ETo), mas ainda 10 km de grade, exige downscaling para diferenciacao intra-talhao;infra_nova - mesmo esforco do ERA5-Land, mas ja entrega variaveis agro-prontas (menos processamento downstream);melhor relacao custo/beneficio entre as opcoes de reanalise para uso agronomico direto (ETo, deficit hidrico)
FD-14;NASA POWER;clima (API de dados derivados de satelite/reanalise);NASA Langley Research Center;radiacao solar, temperatura, precipitacao, umidade, vento - series prontas para uso agricola/energia;grade de ~0,5 grau (~50 km) segundo a documentacao publica do produto (nao confirmado o valor exato via WebFetch nesta sessao);diaria, horaria, climatologia mensal/anual;1981-presente (varia por parametro);a documentacao consultada nao especificou o SLA de latencia com precisao (nao confirmado nesta sessao);sim;dados publicos NASA (gratuito, sem necessidade de cadastro);gratuito;sim, API REST simples (sem necessidade de chave), maior facilidade de uso entre as fontes climaticas revisadas;requests (chamada HTTP direta, sem SDK dedicado necessario);https://power.larc.nasa.gov/docs/services/api/;resolucao mais grosseira que ERA5-Land/AgERA5 e API retornou pouco detalhe tecnico na consulta desta sessao (recomenda-se nova verificacao antes de decisao final);novo_barato - API mais simples de todas para prototipar rapido (sem cadastro, JSON direto via requests), bom para MVP inicial antes de investir em cdsapi;melhor ponto de partida por simplicidade de integracao, mas resolucao grosseira limita uso final
FD-15;CHIRPS;clima (precipitacao estimada por satelite + estacoes);Climate Hazards Center - UC Santa Barbara;precipitacao;0,05 grau (~5 km);diaria (tambem pentadal/mensal);1981-presente (ate 2025-09-30 na versao consultada);versao rapida (GTS) ~2 dias apos o pentad, versao final (com todas as estacoes) na 3a semana do mes seguinte;sim, cobertura quase global (50S-50N), inclui todo o Brasil;domino publico (gratuito, atribuicao solicitada);gratuito;sim, via Google Earth Engine, FTP direto, IRI Data Library;requests, xarray (leitura de NetCDF/GeoTIFF);https://www.chc.ucsb.edu/data/chirps;versao "final" com estacoes tem latencia de ~1 mes, inviavel para decisao em tempo real na safra, versao rapida e menos acurada;infra_nova - requer pipeline de download e regrid (xarray/rasterio ja cogitados), CPU-only;boa opcao de precipitacao gratuita e fina (5 km) mas com trade-off latencia x acuracia
FD-16;GPM IMERG;clima (precipitacao estimada por satelite);NASA/JAXA (GPM mission);taxa de precipitacao;0,1 grau (~10 km);30 minutos (agregavel a diario/mensal);2000-presente;Early Run ~4h, Late Run ~14h, Final Run ~3,5 meses;sim, cobertura quase global;dominio publico NASA (gratuito);gratuito;sim, via NASA Earthdata/GES DISC, AWS Open Data;earthaccess, h5py/xarray;https://gpm.nasa.gov/data/imerg;Final Run (mais acurado) tem latencia de 3,5 meses, inviavel para uso operacional pre-colheita, Early/Late Run tem menor acuracia;infra_nova - pipeline de ingestao NetCDF/HDF5 novo, CPU-only;Early Run e a unica opcao de precipitacao por satelite com latencia de horas, mas com maior erro
FD-17;INMET - Estacoes automaticas e BDMEP;clima (observacao em estacao, ponto);INMET (Instituto Nacional de Meteorologia);temperatura, precipitacao, umidade, vento, pressao, radiacao (por estacao);pontual (rede de estacoes, nao grade - centenas de estacoes automaticas no Brasil, densidade variavel por regiao);horaria (automaticas) e diaria (BDMEP historico);BDMEP com series historicas desde decadas passadas (variavel por estacao), automaticas em tempo quase real;horas (estacoes automaticas) para dados recentes;sim, e a fonte primaria nacional, mas densidade de estacoes e baixa em muitas regioes agricolas do interior;dados publicos (gratuito, uso livre);gratuito;acesso via portal/BDMEP (nao e API REST tradicional documentada publicamente, scraping/download manual e comum na comunidade);requests + parsing (nao ha SDK oficial robusto, existem wrappers nao oficiais no GitHub);https://bdmep.inmet.gov.br/ e https://portal.inmet.gov.br/;dado pontual, nao grade - requer interpolacao para cobrir o talhao, densidade de estacoes insuficiente para representar variabilidade climatica intra-fazenda, sem API oficial estavel documentada;novo_barato - uso para validacao/calibracao pontual de produtos de grade (ERA5-Land, BR-DWGD), nao como fonte primaria de grade;melhor uso e como verdade-de-campo para validar reanalises, nao como insumo direto de grade
FD-18;Xavier et al. BR-DWGD (Brazilian Daily Weather Gridded Data);clima (grade interpolada nacional a partir de estacoes);Alexandre C. Xavier (UFES) - dados publicos via GitHub/site do autor;precipitacao, temperatura maxima/minima, radiacao solar, umidade relativa, vento a 2 m, evapotranspiracao de referencia;0,1 grau (~10 km) na versao 2022 (versao original 2016 era 0,25 grau);diaria;1961-01-01 a 2020-07-31 (precipitacao estendida ate 2022-12-31);nao e um produto operacional/tempo real - e uma serie historica reprocessada, sem SLA de atualizacao continua;sim, e especificamente desenhado e calibrado para o territorio brasileiro com dados de 3625+ pluviometros e 735+ estacoes;uso academico/publico (verificar termos exatos de redistribuicao no repositorio, nao confirmados em detalhe nesta sessao);gratuito;nao ha API - download direto de arquivos (GitHub/Google Sites do autor);xarray, rasterio (leitura de NetCDF/GeoTIFF);https://github.com/AlexandreCandidoXavier/BR-DWGD;serie termina em 2020/2022, nao e atualizada em tempo real, entao nao serve para clima da safra corrente - apenas para calibracao historica/normais climatologicas;novo_barato - melhor produto historico de clima calibrado para o Brasil, baixo custo de integracao (download + xarray), mas nao resolve necessidade operacional em tempo real;combinar com AgERA5/INMET para ter historico de qualidade (Xavier) + operacional (AgERA5/INMET)
FD-19;MERGE/CPTEC;clima (precipitacao combinada satelite + estacoes, America do Sul);CPTEC/INPE;precipitacao;0,1 grau (~10-11 km), cobertura America do Sul;diaria (desde jun/2000) e horaria (desde jan/2010);2000-presente (diario), 2010-presente (horario);operacional, atualizado rotineiramente pelo CPTEC (latencia especifica em horas nao detalhada na doc consultada);sim, e o produto operacional de precipitacao do orgao meteorologico brasileiro, cobre todo o Brasil;dados publicos INPE/CPTEC (gratuito);gratuito;download via FTP (ftp.cptec.inpe.br), sem API REST documentada;requests/ftplib, xarray para grib2;https://product-user.readthedocs.io/pt/latest/ e http://ftp.cptec.inpe.br/modelos/tempo/MERGE/GPM/MERGE_READ-ME.pdf;formato grib2 exige biblioteca extra (cfgrib/eccodes) alem do stack atual, documentacao tecnica dispersa entre varios subdominios do INPE;novo_barato - fonte nacional operacional gratuita, mas exige nova dependencia (cfgrib) nao pinada hoje;bom candidato a fonte primaria de precipitacao operacional para o Brasil por ser nacional e atualizado rotineiramente
FD-20;SRTM;relevo (DEM);NASA/USGS;altitude;30 m (SRTM v3, global) / 90 m (versao original fora dos EUA);estatico (aquisicao unica);aquisicao unica (fevereiro de 2000, sem atualizacao);disponivel ha muitos anos, sem latencia (dado estatico);sim, cobertura global entre 60N-56S;dominio publico (gratuito);gratuito;sim, via USGS EarthExplorer, AWS Open Data, Google Earth Engine;rasterio, elevation (pacote Python);https://www2.jpl.nasa.gov/srtm/;dado de 2000 (desatualizado para mudancas de uso do solo/erosao recentes), em terreno agricola plano, erro vertical de poucos metros pode mascarar microrrelevo relevante para drenagem;reusa - ja e a base tipica de mde.py, mantendo como opcao consolidada;acuracia vertical proxima da do NASADEM/AW3D30 em terreno plano segundo estudos comparativos, mas todos tem limitacao em capturar microrrelevo de poucos cm relevante para drenagem intra-talhao
FD-21;Copernicus DEM GLO-30;relevo (DEM);ESA/Copernicus (via Copernicus Data Space, Planetary Computer, AWS);altitude (superficie, DSM);30 m;estatico (aquisicao unica);aquisicao unica (dados TanDEM-X de 2011-2015), sem atualizacao continua;sem latencia (dado estatico);sim, cobertura global;licenca Copernicus DEM gratuita para a instancia GLO-30 (alguns tiles de paises especificos restritos a usuarios autorizados);gratuito (GLO-30);sim, STAC (Copernicus Data Space, Planetary Computer), AWS Open Data;pystac-client, rasterio;https://documentation.dataspace.copernicus.eu/APIs/SentinelHub/Data/DEM.html;acuracia vertical absoluta menor que 4 m (LE90), mas e um DSM (inclui vegetacao/construcoes) - em area agricola plana com pouca vegetacao alta isso e menos critico que em floresta;reusa/novo_barato - mesma infra STAC ja usada para Sentinel-2/CBERS, so adicionar colecao DEM;geralmente considerado o DEM global gratuito de melhor qualidade atualmente disponivel
FD-22;ALOS AW3D30;relevo (DEM);JAXA;altitude (DSM);30 m (originado de dados de 5 m reamostrados);estatico (mosaico);aquisicao continua 2006-2011 (PRISM), mosaico estatico;sem latencia (dado estatico);sim, cobertura global;licenca JAXA (uso gratuito com registro, redistribuicao restrita);gratuito;sim, download via portal JAXA, tambem disponivel via Google Earth Engine;rasterio;https://www.eorc.jaxa.jp/ALOS/en/dataset/aw3d30/aw3d30_e.htm;estudos comparativos mostram desempenho robusto e RMSE baixo (~1,78 m) em alguns testes, mas resultados variam por contexto - em ambientes propensos a inundacao teve os maiores erros entre 5 DEMs comparados em um estudo;novo_barato - alternativa gratuita ao SRTM/Copernicus DEM, mesmo pipeline rasterio;usar como validacao cruzada de altimetria junto com SRTM/Copernicus DEM, nao como substituto unico
FD-23;FABDEM;relevo (DEM sem vegetacao/construcoes);University of Bristol / Fathom;altitude (terreno nu, floresta e edificacoes removidas do Copernicus DEM);30 m (1 arco-segundo);estatico (mosaico derivado);derivado do Copernicus DEM (TanDEM-X 2011-2015), mosaico estatico;sem latencia (dado estatico);sim, cobertura global;Creative Commons BY-NC-SA 4.0 (NAO permite uso comercial);gratuito (apenas uso nao comercial);sim, download direto (data.bris.ac.uk), tambem via Google Earth Engine;rasterio;https://data.bris.ac.uk/data/dataset/s5hqmjcdj8yo2ibzi9b4ew3sn;licenca NC (nao comercial) e um bloqueador direto para uso em produto comercial da Invicta, apesar de ser o DEM mais preciso em areas com vegetacao/vegetacao residual;infra_nova/bloqueado - licenca CC BY-NC-SA impede uso em produto comercial sem negociacao de licenca alternativa (FABDEM+ e produto comercial pago da Fathom);util apenas para prototipagem/pesquisa interna, nao para o produto em producao, a menos que se licencie o FABDEM+ comercial
FD-24;NASADEM;relevo (DEM reprocessado);NASA (LP DAAC);altitude;30 m (1 arco-segundo);estatico (reprocessamento unico);reprocessamento dos dados SRTM originais de 2000 com algoritmos aprimorados e fusao com ICESat/ASTER;sem latencia (dado estatico);sim, cobertura global entre 60N-56S (mesma cobertura do SRTM);dominio publico (gratuito);gratuito;sim, via NASA Earthdata/LP DAAC, AWS Open Data;earthaccess, rasterio;https://lpdaac.usgs.gov/products/nasadem_hgtv001/;melhoria apenas marginal sobre o SRTM original segundo comparacoes, em terreno plano agricola (declividade <=1 grau) apresentou o menor MAE entre DEMs comparados em um estudo (MAE ~1,6 m);reusa/novo_barato - drop-in melhor que SRTM puro pelo mesmo custo de integracao;bom candidato para substituir SRTM como DEM padrao dado o desempenho superior relatado em terreno plano
FD-25;SoilGrids 250m;solo (mapa preditivo global via machine learning);ISRIC - World Soil Information;14 propriedades do solo (carbono organico, pH, textura, CTC, nitrogenio etc.) em 6 profundidades padrao;250 m;estatico (versoes periodicas, nao continuas);ultima versao major e de 2020 (v2.0), sem cronograma de atualizacao continua divulgado;nao aplicavel (dado estatico, sem SLA de atualizacao continua);sim, cobertura global incluindo Brasil, mas com densidade de amostras de treino desigual (menor amostragem em partes do interior do Brasil);Creative Commons BY 4.0 (uso comercial permitido com atribuicao);gratuito;sim, via WCS (Web Coverage Service) e download direto de COG;rasterio, owslib (WCS), soilgrids (pacote Python nao oficial);https://www.isric.org/explore/soilgrids;250 m e muito mais grosseiro que o grid alvo de 20 m e que a variabilidade intra-talhao capturada por krigagem de amostras de solo proprias, cross-validation explica em media 61% da variancia (varia de 56% a 83% por atributo), com relatos de vies conhecido (superestima carbono organico baixo, subestima pH em alguns paises);novo_barato/reusa parcial - ja ha pipeline de krigagem proprio (interp.py) mais preciso para dentro do talhao, SoilGrids serve melhor como covariavel de contexto regional ou para talhoes sem amostragem propria de solo;nao deve substituir a krigagem com amostras reais ja feita pela Invicta, apenas complementar onde nao ha amostragem
FD-26;Embrapa PronaSolos;solo (levantamento pedologico nacional);Embrapa Solos;atributos do solo (8 atributos em 6 profundidades ate 2 m) e mapas pedologicos tradicionais;90 m (mapas de atributos), 1 km (estoque de carbono), 1:25.000 a 1:100.000 para levantamentos detalhados (programa de 30 anos, cobertura ainda parcial do territorio);nao aplicavel (levantamento por fase, nao serie temporal continua);programa iniciado ha poucos anos, meta de mapear 1,3 milhao km2 nos primeiros 10 anos e 6,9 milhoes km2 ate 2048 - cobertura DETALHADA (escala grande) ainda incompleta para a maior parte do pais;nao aplicavel (programa plurianual, sem SLA de latencia por talhao);sim, e o programa oficial brasileiro, mas cobertura em escala fina (1:25.000) e ainda parcial/em construcao (ver limitacoes);dados publicos Embrapa (gratuito, geoinfo.dados.embrapa.br);gratuito;acesso via plataforma Geoinfo Embrapa (download de camadas, sem API REST tradicional documentada);rasterio, geopandas;https://www.pronasolos.embrapa.br/;90 m/1 km ainda mais grosseiro que o grid de 20 m, mapeamento em escala de detalhe (1:25.000, mais util para decisao de talhao) esta em andamento e nao cobre ainda todo o Brasil - checar disponibilidade por regiao antes de depender dele;novo_barato/reusa parcial - mesmo papel do SoilGrids (contexto regional), com a vantagem de ser calibrado especificamente para solos brasileiros;acompanhar evolucao do programa, pode se tornar a melhor fonte nacional de solo a media prazo conforme mais regioes sao mapeadas em escala fina
FD-27;HYBRAS (Hydrophysical Database for Brazilian Soils);solo (banco de dados pontual, propriedades hidraulicas);pesquisadores brasileiros (Ottoni et al., publicado via periodicos e ISMC);retencao de agua no solo, condutividade hidraulica saturada, textura, carbono organico - por perfil/amostra pontual;pontual (nao e grade - 445 sitios/perfis, 1075 amostras na v1, ~8546 amostras de mais de 227 publicoes na v2), cobrindo 15 dos 26 estados na v1;estatico (compilacao continua de publicacoes, nao serie temporal);dados historicos compilados de decadas de publicacoes cientificas, sem atualizacao continua programada;nao aplicavel (banco compilado, sem SLA);parcial - cobre apenas 15 de 26 estados na v1 (v2 amplia a cobertura mas ainda e amostragem esparsa, nao grade nacional completa);dados de pesquisa academica (verificar termos de uso especificos por publicacao de origem, nao checados individualmente nesta sessao);gratuito para uso academico (formato original em Microsoft Access);nao ha API - banco de dados relacional para download;pandas (para ler exports), nenhuma lib dedicada conhecida;https://soil-modeling.org/resources-links/data-portal/hybras;dados pontuais e esparsos, nao uma grade contigua - uteis apenas para calibrar/validar pedotransfer functions (converter textura/CO em capacidade de agua do solo), nao para mapear diretamente um talhao sem amostragem propria;novo_barato - util como base de calibracao de funcoes de pedotransferencia para estimar propriedades hidraulicas a partir da textura ja medida nos laudos de solo da Invicta;bom complemento tecnico para transformar dados de laudo de solo (textura, CO) em capacidade de agua disponivel, sem necessidade de nova amostragem de campo
FD-28;CropHarvest;dataset aberto de referencia (classificacao de cultura, nao produtividade direta);Stanford/NASA Harvest (nasaharvest);pontos rotulados de cultura (binario crop/nao-crop e classes FAO incluindo oleaginosas/soja) pareados com Sentinel-1, Sentinel-2, SRTM e ERA5;variavel por dataset de origem, harmoniza 20 datasets publicos;pontual por observacao, sem serie de produtividade continua;variavel por dataset fonte;nao aplicavel (dataset estatico de treino/benchmark);cobertura global heterogenea, presenca no Brasil nao confirmada em detalhe nesta sessao (nao verificado quais dos 20 datasets fonte incluem territorio brasileiro);Creative Commons Attribution-ShareAlike 4.0 (uso comercial permitido);gratuito;download via GitHub (nasaharvest/cropharvest);pip install cropharvest;https://github.com/nasaharvest/cropharvest;e um dataset de CLASSIFICACAO de cultura (crop/nao-crop, tipo de cultura), NAO de produtividade - nao serve diretamente como benchmark de yield, apenas para pre-treino de features de deteccao de cultura;novo_barato - poderia ser usado para pre-treinar um classificador de presenca de soja antes de aplicar o modelo de produtividade, mas nao substitui dados de produtividade;confirmar se soja aparece como classe individual ou apenas agregada em "oilseed crops" antes de usar
FD-29;EuroCrops;dataset aberto de referencia (poligonos de talhao + tipo de cultura, Europa);dida-do / DLR (financiado pela agencia espacial alema);poligonos de talhoes com tipo de cultura autodeclarado (dados de subsidio agricola PAC), 16 paises da UE;poligono vetorial (nao raster, escala de talhao real);anual (safras declaradas por ano);dados de varios anos de declaracao agricola por pais (nao especificado o range exato nesta sessao);nao aplicavel (dataset historico europeu);nao cobre o Brasil (e um dataset especifico da Uniao Europeia);Creative Commons Attribution-ShareAlike 4.0;gratuito;download via GitHub (maja601/EuroCrops);geopandas;https://github.com/maja601/EuroCrops;nao inclui produtividade (apenas tipo de cultura e poligono do talhao), e restrito a Europa - sem soja em volume relevante na maioria dos paises cobertos, uso limitado para o caso Invicta (Brasil, soja);reusa conceitual - util apenas como referencia metodologica para desenhar uma "EuroCrops do Brasil" com dados do CAR/LPIS-like, nao como dado direto;baixa aplicabilidade direta ao Brasil/soja, mas taxonomia HCAT e boa referencia de design
FD-30;CY-Bench (AgML Crop Yield Benchmark);dataset aberto de benchmark de produtividade (subnacional);comunidade AgML / Wageningen University (WUR-AI);estatisticas de produtividade subnacional + preditores (clima, sensoriamento remoto, evapotranspiracao, umidade do solo, solo estatico) para milho e trigo;nivel subnacional (nao pixel, nao intra-talhao) em mais de 25 paises;anual (por safra);cobertura de decadas de estatisticas de producao subnacional, harmonizadas (range exato nao verificado nesta sessao);nao aplicavel (dataset de benchmark historico, atualizado por releases);nao inclui o Brasil de forma explicita segundo a descricao consultada, e nao inclui soja (apenas milho e trigo);licenca do repositorio marcada como NOASSERTION no GitHub (verificar termos exatos antes de uso comercial);gratuito;download via GitHub (wur-ai/agml-cy-bench) e Zenodo;pip (pacote agml do repositorio);https://github.com/wur-ai/agml-cy-bench;NAO inclui soja (apenas milho e trigo) e e subnacional, nao intra-talhao - baixa aplicabilidade direta ao caso soja-Brasil-intra-talhao do MVP;reusa conceitual - excelente referencia de METODOLOGIA de benchmark (harmonizacao espaco-temporal de preditores), mas nao serve como dado de treino/benchmark direto para soja no Brasil;repositorio ativo (54 stars, push em jul/2026), boa fonte de inspiracao de pipeline mesmo sem cobrir soja
FD-31;SustainBench (Crop Yield Prediction task);dataset aberto de benchmark de produtividade (nivel de condado);Stanford Sustainability and AI Lab;yield de soja por condado (toneladas/ha) + histogramas espectrais e de temperatura derivados de MODIS;nivel de condado (agregado, nao intra-talhao nem pixel);anual;2005-2016;nao aplicavel (dataset historico estatico);sim - EXPLICITAMENTE inclui Brasil (32 condados/municipios), alem de EUA (857 condados) e Argentina (135 condados);implementacao de referencia (TorchGeo) sob licenca MIT, licenca dos dados originais de producao (fontes governamentais) nao confirmada em detalhe nesta sessao;gratuito;download via repositorio do projeto e via TorchGeo (torchgeo.datasets.SustainBenchCropYield);torchgeo, requests;https://sustainlab-group.github.io/sustainbench/docs/datasets/sdg2/crop_yield.html;e SOJA e inclui Brasil, mas agregado a nivel de municipio (nao intra-talhao) e com resolucao de entrada grosseira (MODIS), util apenas para pre-treino/benchmark de ordem de grandeza, nao para o grid de 20 m do MVP;novo_barato - unico dataset aberto encontrado nesta pesquisa que combina soja + Brasil + benchmark padronizado, bom para validar se o modelo capta tendencia regional antes de aplicar em escala de talhao;candidato mais relevante entre os datasets abertos revisados para pre-treino/sanity-check especifico de soja no Brasil
FD-32;Kellogg Biological Station (KBS LTER) - mapas de colhedora;dataset aberto de mapa de colheita bruto (on-farm, GPS de colhedora);USDA Ag Data Commons / Michigan State University (LTER);pontos de produtividade georreferenciados brutos de colhedora (milho, soja, trigo em rotacao);pontual de alta densidade (dado bruto de colhedora, escala de poucos metros antes de qualquer limpeza/interpolacao);por evento de colheita, anual por talhao;1996-2013;nao aplicavel (dataset historico estatico, sem atualizacao);nao cobre o Brasil (fazenda experimental em Hickory Corners, Michigan, EUA);dados publicos USDA/LTER (gratuito, verificar termos exatos no registro Ag Data Commons antes de redistribuir);gratuito;download direto via Ag Data Commons (nao ha API dedicada);pandas, geopandas;https://data.nal.usda.gov/dataset/precision-agriculture-yield-monitoring-row-crop-agriculture-kellogg-biological-station-hickory-corners-mi-1996-2013;dados brutos de colhedora dos EUA (Michigan), nao do Brasil - solo, clima e cultivares diferentes, extremamente util para TESTAR o pipeline de limpeza/interpolacao (colheita.py) contra um dataset publico independente, mas nao para treinar um modelo de producao para o Brasil;reusa conceitual - candidato ideal para validar/testar o pipeline de limpeza de mapa de colheita ja existente (filtro bruto, MapFilter, IDW) contra dados publicos e reproduziveis, sem depender apenas dos 20-100 talhoes-safra proprios;bom para teste de regressao do pipeline colheita.py, nao para o modelo final de produtividade
